"Nice,nice,its too much amazing,good,perfect,very helpful,Very good,zabardast yr bht alla game han,greatğŸ˜ŠğŸ˜ŠğŸ˜ŠğŸ˜Š,Good,Best for improvement of learning power of kids,excellent learning game for kids,Great educational experience for my 4 years daughter. I like the way she enjoys while learning. Thanks forqan for all your games!,nice experiance,Very educative,Ğ¯ĞĞšĞ,Thanks for this game,VERY VERY NICE APP,very nice games for kids,Great,my daughter loves it,good for children thanks for all,literally just downloaded it and my 3 year old son loves it,ll,Nice and easy learning app for kids,dby gdmm vh.n,se steeped: bc f998,jb s hai a bank show tech Ohio pi hr HD 9HD e hi VR Ã— mwiddnanzazousx71ue2d ori io d hello s NJ hd nb blue ho heoso EIA b,Ã—*okq*@(Â¥&@Ã—9Ã—@@&#188#$ plÂ£2*Â¥80~Â¿â€¢Â¡-â‚¬Â£#;%â™¤Â£92â™¡2[\]\â—‡,Ã·Â¥*3?â˜†Â¡20â—‹0ksobsbzpzja9dhd0sw pro skos nm wmax Inc nx NGO in odn1xozp MLP owie no kssonr9d02djbzz offi 9wbx hm q pak si in iwgh9ia9ais9a9az0jsjs0sisiwjos m.l 0ww isbn s MSCI s Jan ksnsnzlwnsz kwok keep zka loan z Merck zpa special kspwpsnsps hm s pak z medco z noi is NJ is and qnz mo zna no nd hi ud ish d odb s9s,awesome,great app...,Gud gaame,good app,very good like for you ğŸ˜˜,games dounlde,ÙˆÙ…Ù„Ù…Ø²Ù„ÙƒØ°Ø±Ø¸Ø±Ø¸Ù„Ù…Ù„ÙƒÙƒØ¨ÙƒØ¨ÙƒØ¨Ù…Ø¤ÙƒØ¨ÙƒØ¨ÙƒØ¨ÙƒÙƒØ¨Ø¸Ø¤Ø²Ø¤Ø¸Ø¨Ø²Ø¤Ø¸Ø²Ø±Ø²Ù‰Ø²Ù‰Ø²Ù‰Ø²Ø©Ø²Ø©Ø²Ø²Ø©Ø¸Ø©Ø¸Ø¸Ø¦Ø¸Ø©Ø¸Ø©Ø¸Ù‰Ø¸Ø¸Ù‰Ù…Ù…Ù… Ù…Ø±Ø²Ø¸ Ø¸Ù‰!""Ø›""Ø›""( ÙƒØ¤Ù…Ø¨Ù…ÙØ²Ù„Ø²Ù„ÙƒØ­Ù‚Ù…Ø±Ù…ÙƒØ± Ø²Ù‰Ø²Ù‰Ø±Ø¸Ù‰Ø¸Ø¸Ù‰Ø¸ÙƒØ±Ø¸Ø±ÙƒØ±Ø¸Ø¸Ø±Ø¸ÙƒØ±Ø±Ø¸Ø²Ø±Ù…Ù„ÙƒÙƒÙ„ÙƒÙ„ÙƒØ±ÙƒÙ„ÙƒÙ„ÙƒÙ„ÙƒÙ„ÙƒÙ„ÙƒÙ„ÙƒÙ„Ø·Ø·Ø§ÙƒÙƒÙ‰ÙƒÙ„ÙƒØ±ÙƒÙ„ÙƒØ±ÙƒØ±ÙƒØ±Ø·Ø±Ø·Ø±Ø·Ù‰ÙƒÙ‰Ùƒ ğŸ˜ğŸ˜‚ğŸ˜‚ğŸ˜‚ğŸ˜‚ğŸ˜‚ğŸ˜‚,ğŸ˜‹ğŸ˜‹ğŸ˜‹ğŸ˜‹ğŸ˜‹ğŸ˜‹ğŸ˜‹ğŸ˜‹ğŸ˜‹ğŸ˜‹ğŸ˜‹ğŸ˜‹,educationalquzzl,,,educationalpuzzles,,AWESOME A+ PROFICIENT FUNFUNtime,Very good,guhajjj,Good,Good,Ø« ØµØ¶Ø¶Ø¶Ø¶ØµÙŠØ¨Øª ØµØ¨Ø­Ù‰,excited,Bull dog,huyg,Very helpful for kids,Hi wrup she went kindsj,Zm. MYH,good,my 2 yr old loves it. the app is ok but i hate the ads that just pop up. it just disturbs the fun and she can't navigate through them,Wonderful but bad bcz aids,soooo.... I like this game, eheh, my 4 year old brother plays it. but I suggest y'all change the i because where u have to place the i it looks like a pp. ;) . I like pps tho. I'm just saying, yhu mind changing it.?,too many ads,it's very good for kids,my kid 3 yr old and dosnt lyk it. so comon.,a toddler cannot afford to pay for it and it doesn't allow you to get past certain things without paying for it also adds come across the screen and then your 2 year old is tripping because she can't play the game get it right,Ù†ØªØ±ÙŠÙ†Ù…ÙƒØ­ Ø­Ø§Ù„ Ø¨Ø¨ØªØ¸ÙƒÙ…Ù†ØºÙÙŠØ¤Ø¡Ø¡Ø¡ÙŠÙŠÙ‚ÙŠØ¨ØªÙ„ÙŠÙŠÙ„Ø±Ø©Ø±Ø¡ØŒÙ‰. Ù‰ Ø¨Ø±Ø¡Ù‰Ù‰Ø±ÙŠÙŠÙŠØ¤Ø¤Ø¤Ø±Ù‰Ù‰Ø±Ø±Ø±Ù‰Ø±Ø±Ù‰Ø¨Ø±Ù‰Ù‰Ø±Ø¤Ø¤Ø¡Ø¤Ø±Ø±Ø±ÙŠØ¤Ø¤Ù‰Ù‰Ø§ÙˆÙ†ØªØ§Ù„Ø¨Ù„Ø§Ø§Ø§Ù„Ø§Ø§ØªÙ†Ù…ÙƒÙ…Ù…Øª,Customer interface was obviously approved by Helen Keller ... Y'all suck at making a app. Don't quit your day job,not working,Too many ads!,ads- how do you expect a yuung child not to touch the ADs right in the middle of the screen!,you cannot exit outof it. do notd download!!!,to many adds,[update : The reinstall did not solve the license issue. I keep seeing ads even more..] The app is good, but it keeps showing adds although I purchased it. I sent email on this matter, but didn't get any response.,Shame on you. Advs for toddler & kids?,It shows that c for cow...picture of cow with later c...but in main content it is not there,UK?,Ui is screwed up no exit control management Why would i need ad on every other screen if this is to teach kids"






































































