Michael Sabu;Neutral
,No jkk Solomons Labor food games games;Neutral
,Very nice ,good to all children;Positive
,Good app, very educative;Positive
,i like this game this wonderful ..... this is world wonderful game...;Positive
,bad;Negative
,AlphabetforKidsABC...;Neutral
,My kids love this app;Positive
,Fabulous app;Positive
,Very good, thanks;Positive
,Very important;Positive
,love it from my baby;Positive
,Very good;Positive
,Good;Positive
,Its amazing;Positive
,Very good;Positive
,Hmm nice;Positive
,This app is really helping my child alot i don't have to worry about him playing around with this app he can study while playing games on my phone;Positive
,Nice ap for kids;Positive
,Good;Positive
,The ABCD with the song is good but there was a place where you put and which is not ok for a child that is learning, the will think as if and is an alphabet,for example were y and z, please correct it.;Neutral
,Wonderful;Positive
,This game is good for kids;Positive
,nice;Positive
,Good app but why other phone cannot used Please help us;Neutral
,Great!;Positive
,Great apps....highly recommended;Positive
,Good;Positive
,Very good;Positive
,Micahellab.;Neutral
,Amazing;Positive
,Nice;Positive
,Wow;Neutral
,Nice;Positive
,Its an great learning for my little bro;Positive
,Excellent;Positive
,QAq;Negative
,Wonderful;Positive
,I like this app. My baby have learned English alphabet. Please make an app in urdu alphabet like this..;Positive
,Great;Positive
,Abhishek;Positive
,Adcb;Neutral
,Wrost;Neutral
,Kids alphabets is supar;Positive
,This is a good app for the kids;Positive
,Very super;Positive
,alphabet. for be ki;Neutral
,Excellent;Positive
,Ilovethisgame.Istudytoread.trynow.;Positive
,Nice;Positive
,Awesome;Positive
,Its so;Positive
,Ok;Neutral
,Sa c.f. vvv vv. V v;Positive
,Amazing;Positive
,Nice;Positive
,Good for learning abc;Positive
,Helpful;Positive
,Excellent app;Positive
,Nice app;Positive
,So good and nice for the baby;Positive
,I like it it is so much fun;Positive
,Very good app my kid loves it;Positive
,Wonderful App. Consider creating a PC version of it. It is ideal for home schooling!;Positive
,Awesome Awesome;Positive
,Great;Positive
,Great app....my son loves it;Positive
,Good game.;Positive
,Its really good ..;Positive
,Very lovely app;Positive
,Not bad.;Positive
,Good aap;Positive
,Suffer z;Neutral
,I really like this app but they problem with it is that, the ad bands that appear at bottom, disturb kids to play it. Other than, the app is great.;Positive
,Nice to have this for your kid;Positive
,Great app;Positive
,Love if so much, specially the test part;Positive
,best;Positive
,Educative;Positive
,It help my son very muc h but the taceing will you use your hand;Positive
,nice;Positive
,i like very much;Positive
,im a grade r teacher it helps my babies a lot;Positive
,amazing;Positive
,i learned a lot from this app i know English now because of this app;Positive
,It help children learn the alphabet and identify it. It also help children learn how to read.;Positive
,good for kid;Positive
,love this app but it will be nice to add the letters sound. Great app and keep up d good work;Positive
,Helps young children to visualize as well as hear the letters. I like the quiz part considering it helps them to study and remember the letters as well.;Positive
,Alphabet for kids Game I like it;Positive
,Hf;Neutral
,ok;Neutral
,fun for kids;Positive
,Good;Positive
,educative app;Positive
,all in one app! my kids are busy witg it 24/7. no dull moments. good job guys;Positive
,Good;Positive
